"Path","Platform","Compiled","Cooked","Permutations","Compiletime","CompiledDouble","CookedDouble"
"Globals","0","83","0","1","0.000000","0","0"
"/Engine/EngineMaterials/DefaultDeferredDecalMaterial.DefaultDeferredDecalMaterial","0","99","99","1","74.947075","0","99"
"/Fab/Materials/Standard/M_MS_Base.M_MS_Base","0","11","12","1","10.921180","33","84"
"/Game/Toeic_Room/Materials/M_Base02.M_Base02","0","6","7","1","6.401010","0","7"
"/Game/Toeic_Room/Materials/M_Vegetation.M_Vegetation","0","28","32","1","28.822142","0","32"
"/InterchangeAssets/gltf/M_ClearCoat.M_ClearCoat","0","177","204","6","108.749191","0","204"
"/Engine/EngineMaterials/DefaultPostProcessMaterial.DefaultPostProcessMaterial","0","47","47","1","31.431639","0","47"
"/Game/Toeic_Room/Materials/M_Bark.M_Bark","0","3","3","1","3.289079","0","3"
"/Game/Toeic_Room/Materials/M_Base.M_Base","0","6","7","1","9.453327","0","7"
"/Game/Fab/Megascans/Decals/Dirty_Papers_ud0kfgnh/Medium/ud0kfgnh_tier_2/Textures/T_ud0kfgnh_2K_B-O_Mat.T_ud0kfgnh_2K_B-O_Mat","0","14","16","1","15.423175","0","16"
"/Game/Toeic_Room/Materials/M_Glass.M_Glass","0","10","10","1","10.978618","0","10"
"/Engine/EngineMaterials/WorldGridMaterial.WorldGridMaterial","0","584","606","1","408.320984","0","606"
"/Engine/EditorLandscapeResources/MaskBrushMaterial.MaskBrushMaterial","0","5","5","1","5.235504","0","5"
"/Engine/VREditor/SnapGrid/SnapGridMaterial.SnapGridMaterial","0","14","14","1","13.148191","0","14"
"/Paper2D/DefaultSpriteMaterial.DefaultSpriteMaterial","0","36","42","2","0.000000","0","42"
"/Engine/EditorLandscapeResources/SelectBrushMaterial.SelectBrushMaterial","0","10","10","2","8.821153","0","10"
"/Game/Toeic_Room/Material_Instances/M_Cubes.M_Cubes","0","3","3","1","0.000000","0","3"
"/Game/Toeic_Room/Materials/Lights/M_FlickeringLight.M_FlickeringLight","0","25","25","1","20.690474","0","25"
"/Engine/EngineMaterials/DefaultLightFunctionMaterial.DefaultLightFunctionMaterial","0","37","37","1","27.930737","0","37"
"/Engine/EditorMaterials/Camera/CineMat.CineMat","0","6","6","1","5.732825","0","6"
"/Engine/BasicShapes/BasicShapeMaterial.BasicShapeMaterial","0","9","9","1","6.561815","0","9"
"/MetaHumanCharacter/Materials/M_BakedGrooms.M_BakedGrooms","0","6","6","2","6.391865","0","6"
"/Engine/EngineMaterials/GizmoMaterial.GizmoMaterial","0","5","6","1","5.030879","0","6"
"/ControlRig/Controls/ControlRigGizmoMaterial.ControlRigGizmoMaterial","0","2","2","1","0.000000","0","2"
"/CameraCalibrationCore/Materials/M_AnamorphicUndistortionDisplacementMap.M_AnamorphicUndistortionDisplacementMap","0","7","7","1","2.918877","0","7"
"/CameraCalibrationCore/Materials/M_AnamorphicDistortionDisplacementMap.M_AnamorphicDistortionDisplacementMap","0","7","7","1","1.773116","0","7"
"/Engine/EngineDebugMaterials/DebugEditorMaterial.DebugEditorMaterial","0","5","6","1","4.867422","0","6"
"/CameraCalibrationCore/Materials/M_SphericalUndistortionDisplacementMap.M_SphericalUndistortionDisplacementMap","0","7","7","1","2.633079","0","7"
"/CameraCalibrationCore/Materials/M_SphericalDistortionDisplacementMap.M_SphericalDistortionDisplacementMap","0","7","7","1","1.702524","0","7"
"/CameraCalibrationCore/Materials/M_BrownConradyUDUndistortionDisplacementMap.M_BrownConradyUDUndistortionDisplacementMap","0","7","7","1","1.687313","0","7"
"/CameraCalibrationCore/Materials/M_BrownConradyUDDistortionDisplacementMap.M_BrownConradyUDDistortionDisplacementMap","0","7","7","1","1.671354","0","7"
"/CameraCalibrationCore/Materials/M_BrownConradyDUUndistortionDisplacementMap.M_BrownConradyDUUndistortionDisplacementMap","0","7","7","1","1.779080","0","7"
"/CameraCalibrationCore/Materials/M_BrownConradyDUDistortionDisplacementMap.M_BrownConradyDUDistortionDisplacementMap","0","7","7","1","1.703110","0","7"
"/Engine/EngineDebugMaterials/DebugMeshMaterial.DebugMeshMaterial","0","7","7","1","3.346227","0","7"
"/Engine/EditorMaterials/Dataflow/DataflowTwoSidedVertexMaterial.SculptMaterial","0","6","7","1","8.283141","0","7"
"/Engine/EngineMaterials/NaniteHiddenSectionMaterial.NaniteHiddenSectionMaterial","0","12","14","1","14.940141","0","14"
"/CameraCalibrationCore/Materials/M_VertexColors.M_VertexColors","0","3","3","1","2.977130","0","3"
"/Engine/EditorMaterials/Dataflow/DataflowTwoSidedVertexMaterial.DataflowTwoSidedVertexMaterial","0","18","21","1","25.142076","0","21"
"/ControlRig/Controls/ControlRigXRayMaterial.ControlRigXRayMaterial","0","8","9","1","0.000000","0","9"
"/CameraCalibrationCore/Materials/M_DefaultOddSquare.M_DefaultOddSquare","0","6","6","1","2.830931","0","6"
"/Engine/VREditor/TransformGizmo/TranslucentTransformGizmoMaterial.TranslucentTransformGizmoMaterial","0","5","5","1","2.757665","0","5"
"/Engine/EngineDebugMaterials/M_SimpleUnlitTranslucent.M_SimpleUnlitTranslucent","0","5","5","1","2.632728","0","5"
"/Engine/EditorMaterials/Dataflow/DataflowVertexMaterial.DataflowVertexMaterial","0","18","21","1","24.205326","0","21"
"/Engine/EngineMaterials/RemoveSurfaceMaterial.RemoveSurfaceMaterial","0","2","2","1","0.000000","0","2"
"/CameraCalibrationCore/Materials/M_DefaultEvenSquare.M_DefaultEvenSquare","0","6","6","1","1.157464","0","6"
"/HairStrands/Materials/HairDefaultMaterial.HairDefaultMaterial","0","33","36","1","0.000000","0","36"
"/HairStrands/Materials/HairCardsDefaultMaterial.HairCardsDefaultMaterial","0","57","63","1","0.000000","0","63"
"/HairStrands/Materials/HairMeshesDefaultMaterial.HairMeshesDefaultMaterial","0","33","36","1","0.000000","0","36"
"/Engine/EditorLandscapeResources/SplineEditorMeshMat.SplineEditorMeshMat","0","10","12","1","13.951474","0","12"
"/InterchangeAssets/gltf/M_Default.M_Default","0","177","204","6","140.895935","0","204"
"/Engine/EngineMaterials/PPM_DefaultCalibrationGrayscale.PPM_DefaultCalibrationGrayscale","0","7","7","1","1.592828","0","7"
"/Engine/EngineMaterials/PPM_DefaultCalibrationColor.PPM_DefaultCalibrationColor","0","7","7","1","2.127158","0","7"
"/Game/Toeic_Room/Materials/M_Base_2.M_Base_2","0","6","7","1","5.423134","0","7"
"/CameraCalibrationCore/Materials/M_DistortionPostProcess.M_DistortionPostProcess","0","7","7","1","2.108256","0","7"
"/Engine/EditorMaterials/PhAT_UnselectedMaterial.PhAT_UnselectedMaterial","0","5","5","1","3.224274","0","5"
"/Engine/EditorMaterials/PhAT_NoCollisionMaterial.PhAT_NoCollisionMaterial","0","5","5","1","3.100962","0","5"
"/MetaHumanCharacter/Controls/M_RigControlActor_Black.M_RigControlActor_Black","0","8","8","1","6.367878","0","8"
"/MetaHumanCharacter/Materials/M_GrayTexture_Body.M_GrayTexture_Body","0","42","48","1","53.279861","0","48"
"/Engine/EditorLandscapeResources/LayerVisMaterial.LayerVisMaterial","0","2","2","1","1.653375","0","2"
"/Engine/EditorLandscapeResources/ColorMaskBrushMaterial.ColorMaskBrushMaterial","0","5","5","1","4.662525","0","5"
"/Engine/EngineMaterials/M_InvalidLightmapSettings.M_InvalidLightmapSettings","0","6","6","1","6.054914","0","6"
"/Engine/EngineMaterials/PhAT_JointLimitMaterial.PhAT_JointLimitMaterial","0","8","9","1","7.747768","0","9"
"/Engine/EngineMaterials/FlattenMaterial.FlattenMaterial","0","12","12","1","12.966451","0","12"
"/Engine/EditorLandscapeResources/LandscapeDirtyMaterial.LandscapeDirtyMaterial","0","5","5","1","4.735835","0","5"
"/Engine/EngineDebugMaterials/M_VolumeRenderSphereTracePP.M_VolumeRenderSphereTracePP","0","7","7","1","3.246156","0","7"
"/Engine/EngineMaterials/FlattenMaterial_VT.FlattenMaterial_VT","0","9","9","1","10.236143","0","9"
"/HairStrands/Materials/HairDebugMaterial.HairDebugMaterial","0","57","63","1","0.000000","0","63"
"/Engine/VREditor/TransformGizmo/TransformGizmoMaterial.TransformGizmoMaterial","0","2","2","1","1.965671","0","2"
"/ControlRig/M_Manip.M_Manip","0","8","9","1","0.000000","0","9"
"/Engine/EngineMaterials/FlattenMaterial_WS_Normal_VT.FlattenMaterial_WS_Normal_VT","0","9","9","1","7.709030","0","9"
"/MeshModelingToolsetExp/Materials/PointSetOverlaidComponentMaterial.PointSetOverlaidComponentMaterial","0","8","9","1","0.000000","0","9"
"/AppleARKit/M_OcclusionOverlay.M_OcclusionOverlay","0","20","20","2","10.325487","0","20"
"/Game/Characters/Mannequins/Materials/M_Mannequin.M_Mannequin","0","84","96","2","95.361343","0","96"
"/ARUtilities/Materials/M_ScreenSpacePassthroughCamera.M_ScreenSpacePassthroughCamera","0","10","12","2","13.532767","0","12"
"/Engine/EngineMaterials/DefaultTextMaterialOpaque.DefaultTextMaterialOpaque","0","14","16","1","16.725933","0","16"
"/ARUtilities/Materials/M_DepthColoration.M_DepthColoration","0","7","7","1","2.853574","0","7"
"/Engine/EditorMaterials/PreviewShadowIndicatorMaterial.PreviewShadowIndicatorMaterial","0","25","25","1","21.530231","0","25"
"/SpeedTreeImporter/SpeedTree9/SpeedTreeBillboardMaster.SpeedTreeBillboardMaster","0","28","32","1","0.000000","0","32"
"/MediaFrameworkUtilities/M_DefaultMedia.M_DefaultMedia","0","5","5","1","3.419280","0","5"
"/Engine/EngineMaterials/DefaultMaterial.DefaultMaterial","0","27","27","1","17.036077","0","27"
"/ARUtilities/Materials/M_PassthroughCamera.M_PassthroughCamera","0","7","7","1","2.764092","0","7"
"/Engine/EngineMaterials/EmissiveMeshMaterial.EmissiveMeshMaterial","0","14","14","1","11.974674","0","14"
"/Engine/EngineMaterials/Widget3DPassThrough.Widget3DPassThrough","0","45","35","6","32.552658","0","35"
"/SpeedTreeImporter/SpeedTree9/SpeedTreeMaster.SpeedTreeMaster","0","28","32","1","0.000000","0","32"
"/Engine/EditorLandscapeResources/LandscapeLayerUsageMaterial.LandscapeLayerUsageMaterial","0","2","2","1","2.171657","0","2"
"/MediaFrameworkUtilities/M_BaseMediaBundle.M_BaseMediaBundle","0","5","5","1","3.502914","0","5"
"/AppleARKit/M_SceneDepthOcclusion.M_SceneDepthOcclusion","0","10","10","1","5.409671","0","10"
"/InterchangeAssets/gltf/M_SpecularGlossiness.M_SpecularGlossiness","0","165","126","6","82.444763","0","126"
"/InterchangeAssets/gltf/M_Unlit.M_Unlit","0","135","114","6","39.444702","0","114"
"/InterchangeAssets/gltf/M_Sheen.M_Sheen","0","165","180","6","104.781372","0","180"
"/InterchangeAssets/gltf/M_Transmission.M_Transmission","0","54","0","2","0.000000","0","0"
"Globals","49","19102","0","1","0.000000","0","0"
"/InterchangeAssets/gltf/M_ClearCoat.M_ClearCoat","49","233","260","6","149.135895","0","260"
"/InterchangeAssets/gltf/M_Default.M_Default","49","233","260","6","95.253899","0","260"
"/InterchangeAssets/gltf/M_Sheen.M_Sheen","49","221","236","6","84.264977","0","236"
"/InterchangeAssets/gltf/M_SpecularGlossiness.M_SpecularGlossiness","49","221","236","6","76.267784","0","161"
"/InterchangeAssets/gltf/M_Transmission.M_Transmission","49","76","76","2","91.539093","0","0"
"/InterchangeAssets/gltf/M_Unlit.M_Unlit","49","257","272","6","178.791626","0","214"
"/Engine/EngineMaterials/Widget3DPassThrough.Widget3DPassThrough","49","81","86","6","32.120441","0","63"
"/Engine/EditorLandscapeResources/LandscapeLayerUsageMaterial.LandscapeLayerUsageMaterial","49","7","7","1","4.179873","0","7"
"/MediaFrameworkUtilities/M_BaseMediaBundle.M_BaseMediaBundle","49","10","10","1","4.837207","0","10"
"/Game/Characters/Mannequins/Materials/M_Mannequin.M_Mannequin","49","108","120","2","34.448635","0","120"
"/SpeedTreeImporter/SpeedTree9/SpeedTreeMaster.SpeedTreeMaster","49","44","48","1","22.908453","0","48"
"/SpeedTreeImporter/SpeedTree9/SpeedTreeBillboardMaster.SpeedTreeBillboardMaster","49","44","48","1","22.348238","0","48"
"/MediaFrameworkUtilities/M_DefaultMedia.M_DefaultMedia","49","10","10","1","5.303228","0","10"
"/Fab/Materials/Standard/M_MS_Base.M_MS_Base","49","23","24","1","0.000000","69","168"
"/Engine/EngineMaterials/DefaultMaterial.DefaultMaterial","49","48","48","1","13.277629","0","48"
"/Engine/EngineMaterials/DefaultDeferredDecalMaterial.DefaultDeferredDecalMaterial","49","104","104","1","0.000000","0","104"
"/Engine/EngineMaterials/DefaultPostProcessMaterial.DefaultPostProcessMaterial","49","50","50","1","0.000000","0","50"
"/ARUtilities/Materials/M_PassthroughCamera.M_PassthroughCamera","49","10","10","1","1.168868","0","10"
"/AppleARKit/M_OcclusionOverlay.M_OcclusionOverlay","49","26","26","2","4.750726","0","26"
"/AppleARKit/M_SceneDepthOcclusion.M_SceneDepthOcclusion","49","13","13","1","1.653962","0","13"
"/ARUtilities/Materials/M_DepthColoration.M_DepthColoration","49","10","10","1","1.267325","0","10"
"/ARUtilities/Materials/M_ScreenSpacePassthroughCamera.M_ScreenSpacePassthroughCamera","49","20","22","2","11.459189","0","22"
"/Game/Toeic_Room/Materials/M_Base02.M_Base02","49","11","12","1","0.000000","0","12"
"/Game/Toeic_Room/Materials/M_Vegetation.M_Vegetation","49","44","48","1","0.000000","0","48"
"/Game/Toeic_Room/Materials/M_Bark.M_Bark","49","8","8","1","0.000000","0","8"
"/Game/Toeic_Room/Materials/M_Base.M_Base","49","11","12","1","0.000000","0","12"
"/Engine/EngineMaterials/DefaultTextMaterialOpaque.DefaultTextMaterialOpaque","49","22","24","1","10.000479","0","24"
"/Engine/EngineMaterials/WorldGridMaterial.WorldGridMaterial","49","1787","1809","1","0.000000","0","1809"
"/MeshModelingToolsetExp/Materials/PointSetOverlaidComponentMaterial.PointSetOverlaidComponentMaterial","49","13","14","1","8.133321","0","14"
"/Engine/EditorLandscapeResources/MaskBrushMaterial.MaskBrushMaterial","49","10","10","1","7.116926","0","10"
"/Engine/VREditor/SnapGrid/SnapGridMaterial.SnapGridMaterial","49","22","22","1","13.492658","0","22"
"/Paper2D/DefaultSpriteMaterial.DefaultSpriteMaterial","49","58","64","2","19.253952","0","64"
"/Engine/EditorLandscapeResources/SelectBrushMaterial.SelectBrushMaterial","49","20","20","2","9.969423","0","20"
"/Game/Fab/Megascans/Decals/Dirty_Papers_ud0kfgnh/Medium/ud0kfgnh_tier_2/Textures/T_ud0kfgnh_2K_B-O_Mat.T_ud0kfgnh_2K_B-O_Mat","49","22","24","1","0.000000","0","24"
"","49","512","0","1","0.000000","513","0"
"/HairStrands/Materials/HairDebugMaterial.HairDebugMaterial","49","73","79","1","27.660862","0","79"
"/Engine/EngineMaterials/FlattenMaterial_VT.FlattenMaterial_VT","49","19","19","1","12.753076","0","19"
"/Engine/EngineMaterials/FlattenMaterial_WS_Normal_VT.FlattenMaterial_WS_Normal_VT","49","19","19","1","11.538082","0","19"
"/Engine/EngineDebugMaterials/M_VolumeRenderSphereTracePP.M_VolumeRenderSphereTracePP","49","10","10","1","1.378943","0","10"
"/Engine/VREditor/TransformGizmo/TransformGizmoMaterial.TransformGizmoMaterial","49","7","7","1","3.527936","0","7"
"/ControlRig/M_Manip.M_Manip","49","13","14","1","6.193622","0","14"
"/Engine/EngineMaterials/PhAT_JointLimitMaterial.PhAT_JointLimitMaterial","49","13","14","1","6.453501","0","14"
"/Engine/EngineMaterials/FlattenMaterial.FlattenMaterial","49","25","25","1","15.916519","0","25"
"/Engine/EditorLandscapeResources/LayerVisMaterial.LayerVisMaterial","49","7","7","1","3.051067","0","7"
"/Engine/EditorLandscapeResources/ColorMaskBrushMaterial.ColorMaskBrushMaterial","49","10","10","1","5.950261","0","10"
"/Engine/EditorLandscapeResources/LandscapeDirtyMaterial.LandscapeDirtyMaterial","49","10","10","1","5.326920","0","10"
"/Engine/EngineMaterials/EmissiveMeshMaterial.EmissiveMeshMaterial","49","21","21","1","7.781239","0","21"
"/Engine/EngineMaterials/M_InvalidLightmapSettings.M_InvalidLightmapSettings","49","16","16","1","7.339513","0","16"
"/MetaHumanCharacter/Materials/M_GrayTexture_Body.M_GrayTexture_Body","49","54","60","1","21.322552","0","60"
"/MetaHumanCharacter/Materials/M_BakedGrooms.M_BakedGrooms","49","16","16","2","10.801780","0","16"
"/Engine/EditorMaterials/PreviewShadowIndicatorMaterial.PreviewShadowIndicatorMaterial","49","66","66","1","17.386431","0","66"
"/CameraCalibrationCore/Materials/M_DistortionPostProcess.M_DistortionPostProcess","49","10","10","1","1.271935","0","10"
"/MetaHumanCharacter/Controls/M_RigControlActor_Black.M_RigControlActor_Black","49","13","13","1","6.326759","0","13"
"/Game/Toeic_Room/Materials/M_Base_2.M_Base_2","49","11","12","1","2.449880","0","12"
"/Game/Toeic_Room/Materials/M_Glass.M_Glass","49","15","15","1","0.000000","0","15"
"/Game/Toeic_Room/Material_Instances/M_Cubes.M_Cubes","49","8","8","1","0.000000","0","8"
"/Game/Toeic_Room/Materials/Lights/M_FlickeringLight.M_FlickeringLight","49","66","66","1","0.000000","0","66"
"/Engine/EngineMaterials/DefaultLightFunctionMaterial.DefaultLightFunctionMaterial","49","78","78","1","0.000000","0","78"
"/Engine/EditorMaterials/Camera/CineMat.CineMat","49","14","14","1","0.000000","0","14"
"/Engine/EditorLandscapeResources/SplineEditorMeshMat.SplineEditorMeshMat","49","22","24","1","17.002251","0","24"
"/HairStrands/Materials/HairDefaultMaterial.HairDefaultMaterial","49","42","45","1","13.622651","0","45"
"/HairStrands/Materials/HairCardsDefaultMaterial.HairCardsDefaultMaterial","49","73","79","1","25.145477","0","79"
"/HairStrands/Materials/HairMeshesDefaultMaterial.HairMeshesDefaultMaterial","49","42","45","1","0.000000","0","45"
"/CameraCalibrationCore/Materials/M_DefaultOddSquare.M_DefaultOddSquare","49","11","11","1","3.306852","0","11"
"/CameraCalibrationCore/Materials/M_DefaultEvenSquare.M_DefaultEvenSquare","49","11","11","1","2.992716","0","11"
"/Engine/VREditor/TransformGizmo/TranslucentTransformGizmoMaterial.TranslucentTransformGizmoMaterial","49","10","10","1","4.154665","0","10"
"/Engine/EngineDebugMaterials/M_SimpleUnlitTranslucent.M_SimpleUnlitTranslucent","49","10","10","1","4.126729","0","10"
"/ControlRig/Controls/ControlRigXRayMaterial.ControlRigXRayMaterial","49","13","14","1","5.581586","0","14"
"/Engine/EditorMaterials/PhAT_UnselectedMaterial.PhAT_UnselectedMaterial","49","10","10","1","4.041732","0","10"
"/Engine/EditorMaterials/PhAT_NoCollisionMaterial.PhAT_NoCollisionMaterial","49","10","10","1","4.279677","0","10"
"/Engine/BasicShapes/BasicShapeMaterial.BasicShapeMaterial","49","27","27","1","0.000000","0","27"
"/Engine/EditorMaterials/Dataflow/DataflowVertexMaterial.DataflowVertexMaterial","49","23","26","1","10.513188","0","26"
"/Engine/EditorMaterials/Dataflow/DataflowTwoSidedVertexMaterial.DataflowTwoSidedVertexMaterial","49","23","26","1","11.732471","0","26"
"/Engine/EditorMaterials/Dataflow/DataflowTwoSidedVertexMaterial.SculptMaterial","49","11","12","1","6.054443","0","12"
"/Engine/EngineMaterials/NaniteHiddenSectionMaterial.NaniteHiddenSectionMaterial","49","19","21","1","9.031110","0","21"
"/Engine/EngineMaterials/RemoveSurfaceMaterial.RemoveSurfaceMaterial","49","7","7","1","0.000000","0","7"
"/Engine/EngineDebugMaterials/DebugMeshMaterial.DebugMeshMaterial","49","12","12","1","5.557252","0","12"
"/Engine/EngineMaterials/GizmoMaterial.GizmoMaterial","49","10","11","1","3.676797","0","11"
"/Engine/EngineMaterials/PPM_DefaultCalibrationGrayscale.PPM_DefaultCalibrationGrayscale","49","10","10","1","0.908820","0","10"
"/Engine/EngineMaterials/PPM_DefaultCalibrationColor.PPM_DefaultCalibrationColor","49","10","10","1","0.649669","0","10"
"/CameraCalibrationCore/Materials/M_VertexColors.M_VertexColors","49","8","8","1","3.142103","0","8"
"/CameraCalibrationCore/Materials/M_BrownConradyUDDistortionDisplacementMap.M_BrownConradyUDDistortionDisplacementMap","49","10","10","1","1.299924","0","10"
"/CameraCalibrationCore/Materials/M_SphericalUndistortionDisplacementMap.M_SphericalUndistortionDisplacementMap","49","10","10","1","0.635459","0","10"
"/CameraCalibrationCore/Materials/M_SphericalDistortionDisplacementMap.M_SphericalDistortionDisplacementMap","49","10","10","1","0.600717","0","10"
"/CameraCalibrationCore/Materials/M_BrownConradyUDUndistortionDisplacementMap.M_BrownConradyUDUndistortionDisplacementMap","49","10","10","1","0.586183","0","10"
"/CameraCalibrationCore/Materials/M_BrownConradyDUUndistortionDisplacementMap.M_BrownConradyDUUndistortionDisplacementMap","49","10","10","1","0.556817","0","10"
"/CameraCalibrationCore/Materials/M_BrownConradyDUDistortionDisplacementMap.M_BrownConradyDUDistortionDisplacementMap","49","10","10","1","0.649374","0","10"
"/CameraCalibrationCore/Materials/M_AnamorphicUndistortionDisplacementMap.M_AnamorphicUndistortionDisplacementMap","49","10","10","1","1.286552","0","10"
"/CameraCalibrationCore/Materials/M_AnamorphicDistortionDisplacementMap.M_AnamorphicDistortionDisplacementMap","49","10","10","1","0.565040","0","10"
"/Engine/EngineDebugMaterials/DebugEditorMaterial.DebugEditorMaterial","49","10","11","1","4.182686","0","11"
"/ControlRig/Controls/ControlRigGizmoMaterial.ControlRigGizmoMaterial","49","7","7","1","2.453527","0","7"
